,GLD,IWM,QQQ,SPY,TLT
GLD,9.57336672987561e-05,6.6303381903082435e-06,5.764633991454034e-06,4.709526192729974e-06,2.200818362229933e-05
IWM,6.6303381903082435e-06,0.0001986191375335114,0.00014721983807286686,0.000137348443058908,-4.3593366234845924e-05
QQQ,5.764633991454034e-06,0.00014721983807286686,0.00016841848352585254,0.00013151136020971574,-3.3070802534662505e-05
SPY,4.709526192729974e-06,0.000137348443058908,0.00013151136020971574,0.00011915060120184297,-3.602456525605299e-05
TLT,2.200818362229933e-05,-4.3593366234845924e-05,-3.3070802534662505e-05,-3.602456525605299e-05,9.362524052454353e-05
